total_cases,total_deaths,total_vaccinations,people_vaccinated,people_fully_vaccinated,date
558270,10113,3931774.0,2095085.0,1881107.0,2021-11-18
551000,10050,3899376.0,2076934.0,1873073.0,2021-11-17
544330,9986,3871196.0,2060023.0,1865294.0,2021-11-16
539887,9936,3852323.0,2048628.0,1859418.0,2021-11-15
538752,9881,3845713.0,2043475.0,1857649.0,2021-11-14
534601,9840,3817390.0,2024193.0,1851543.0,2021-11-13
528286,9774,3790884.0,2009038.0,1845345.0,2021-11-12
521837,9721,3759981.0,1990925.0,1837846.0,2021-11-11
514850,9655,3732705.0,1974397.0,1831401.0,2021-11-10
507535,9605,,,,2021-11-09
502569,9546,,,,2021-11-08
501327,9500,3690148.0,1948738.0,1820138.0,2021-11-07
497168,9450,3675807.0,1939061.0,1816377.0,2021-11-06
490074,9400,3658686.0,1930471.0,1811801.0,2021-11-05
483142,9364,3641758.0,1922763.0,1806387.0,2021-11-04
476832,9332,3627387.0,1916565.0,1802284.0,2021-11-03
472259,9291,3617177.0,1911771.0,1798141.0,2021-11-02
471474,9251,3616491.0,1911657.0,1798069.0,2021-11-01
470348,9220,3615769.0,1911239.0,1797683.0,2021-10-31
467029,9198,3610412.0,1908486.0,1795287.0,2021-10-30
462482,9168,3599586.0,1903995.0,1791056.0,2021-10-29
458090,9142,3586590.0,1898271.0,1785981.0,2021-10-28
453936,9116,3575459.0,1894067.0,1781470.0,2021-10-27
449365,9090,3566066.0,1889710.0,1777373.0,2021-10-26
446005,9060,3558842.0,1887251.0,1774513.0,2021-10-25
445325,9038,3557853.0,1886923.0,1774037.0,2021-10-24
443032,9010,3554203.0,1885279.0,1772187.0,2021-10-23
439447,8985,3545766.0,1881702.0,1767965.0,2021-10-22
436189,8968,3537299.0,1877622.0,1763617.0,2021-10-21
433136,8951,3530290.0,1875073.0,1760158.0,2021-10-20
429974,8928,3524319.0,1872076.0,1757089.0,2021-10-19
428233,8907,3520417.0,1870455.0,1754919.0,2021-10-18
427914,8896,3520008.0,1870176.0,1754676.0,2021-10-17
426613,8877,3516613.0,1868374.0,1752644.0,2021-10-16
424666,8862,3510623.0,1865665.0,1749058.0,2021-10-15
422908,8847,3503116.0,1861783.0,1744717.0,2021-10-14
421057,8829,3496972.0,1858610.0,1741129.0,2021-10-13
419035,8802,3491225.0,1855439.0,1737752.0,2021-10-12
418028,8778,3486793.0,1852899.0,1633894.0,2021-10-11
417858,8772,3486177.0,1852552.0,1735022.0,2021-10-10
416950,8763,3482880.0,1850652.0,1733195.0,2021-10-09
415356,8752,3475957.0,1846883.0,1629074.0,2021-10-08
413665,8730,3467940.0,1842185.0,1625755.0,2021-10-07
411917,8722,3460702.0,1837585.0,1623117.0,2021-10-06
409992,8704,3453133.0,1832889.0,1718074.0,2021-10-05
408918,8685,3447751.0,1829701.0,1715307.0,2021-10-04
408699,8678,3447108.0,1829251.0,1714992.0,2021-10-03
407755,8664,3443922.0,1827286.0,1713279.0,2021-10-02
406307,8650,3436799.0,1822966.0,1709647.0,2021-10-01
404790,8640,3428029.0,1817444.0,1705090.0,2021-09-30
403080,8628,3419381.0,1812532.0,1700089.0,2021-09-29
401169,8614,3413174.0,1808877.0,1696408.0,2021-09-28
400108,8606,3408049.0,1805773.0,1693549.0,2021-09-27
399891,8595,3407385.0,1805370.0,1693075.0,2021-09-26
399054,8580,3404014.0,1803468.0,1690798.0,2021-09-25
397761,8566,3397030.0,1799370.0,1686909.0,2021-09-24
396470,8554,3388015.0,1793806.0,1682093.0,2021-09-23
395097,8539,3380570.0,1789718.0,1677846.0,2021-09-22
393285,8526,3374095.0,1785666.0,1674087.0,2021-09-21
392248,8514,3369026.0,1782796.0,1671137.0,2021-09-20
391984,8500,3368323.0,1782472.0,1670626.0,2021-09-19
391109,8493,3364565.0,1780180.0,1668319.0,2021-09-18
389654,8481,3356659.0,1775653.0,1663891.0,2021-09-17
388260,8472,3348958.0,1770818.0,1659728.0,2021-09-16
386891,8463,3341864.0,1766447.0,1655970.0,2021-09-15
385056,8456,3335991.0,1762738.0,1652731.0,2021-09-14
384082,8447,3331246.0,1759871.0,1650034.0,2021-09-13
383915,8440,3330644.0,1759542.0,1649627.0,2021-09-12
383108,8427,3326927.0,1757756.0,1647073.0,2021-09-11
381946,8413,3321265.0,1754731.0,1643710.0,2021-09-10
380904,8405,3314168.0,1750418.0,1640053.0,2021-09-09
379963,8395,3308183.0,1747068.0,1636849.0,2021-09-08
378726,8385,3302352.0,1744048.0,1633388.0,2021-09-07
378022,8375,3297256.0,1741244.0,1630465.0,2021-09-06
377838,8370,3296797.0,1740837.0,1630259.0,2021-09-05
377299,8362,3293563.0,1738722.0,1628334.0,2021-09-04
376417,8355,3286459.0,1734997.0,1624041.0,2021-09-03
375601,8349,3278961.0,1730522.0,1619592.0,2021-09-02
374803,8338,3264851.0,1726531.0,1614792.0,2021-09-01
373998,8334,3264851.0,1723136.0,1611262.0,2021-08-31
5,0,0.0,0.0,0.0,2020-02-29
3,0,0.0,0.0,0.0,2020-02-28
3,0,0.0,0.0,0.0,2020-02-27
2,0,0.0,0.0,0.0,2020-02-26
12,0,0.0,0.0,0.0,2020-03-08
11,0,0.0,0.0,0.0,2020-03-07
10,0,0.0,0.0,0.0,2020-03-06
10,0,0.0,0.0,0.0,2020-03-05
9,0,0.0,0.0,0.0,2020-03-04
9,0,0.0,0.0,0.0,2020-03-03
8,0,0.0,0.0,0.0,2020-03-02
7,0,0.0,0.0,0.0,2020-03-01
69,0,0.0,0.0,0.0,2020-03-17
57,0,0.0,0.0,0.0,2020-03-16
49,0,0.0,0.0,0.0,2020-03-15
37,0,0.0,0.0,0.0,2020-03-14
32,0,0.0,0.0,0.0,2020-03-13
19,0,0.0,0.0,0.0,2020-03-12
16,0,0.0,0.0,0.0,2020-03-11
13,0,0.0,0.0,0.0,2020-03-10
12,0,0.0,0.0,0.0,2020-03-09
442,1,0.0,0.0,0.0,2020-03-25
254,0,0.0,0.0,0.0,2020-03-23
206,0,0.0,0.0,0.0,2020-03-21
128,0,0.0,0.0,0.0,2020-03-20
105,0,0.0,0.0,0.0,2020-03-19
89,0,0.0,0.0,0.0,2020-03-18
1126,12,0.0,0.0,0.0,2020-04-04
1079,8,0.0,0.0,0.0,2020-04-03
1011,7,0.0,0.0,0.0,2020-04-02
963,6,0.0,0.0,0.0,2020-04-01
867,6,0.0,0.0,0.0,2020-03-31
790,6,0.0,0.0,0.0,2020-03-30
713,6,0.0,0.0,0.0,1970-01-01
657,5,0.0,0.0,0.0,2020-03-29
586,3,0.0,0.0,0.0,2020-03-27
1407,20,0.0,0.0,0.0,2020-04-09
1343,19,0.0,0.0,0.0,2020-04-08
1282,18,0.0,0.0,0.0,2020-04-07
1222,16,0.0,0.0,0.0,2020-04-06
1182,15,0.0,0.0,0.0,2020-04-05
1832,39,0.0,0.0,0.0,2020-04-18
1814,36,0.0,0.0,0.0,2020-04-17
1791,35,0.0,0.0,0.0,2020-04-16
1741,33,0.0,0.0,0.0,2020-04-15
1704,31,0.0,0.0,0.0,2020-04-14
1650,25,0.0,0.0,0.0,2020-04-13
1600,23,0.0,0.0,0.0,2020-04-12
1534,21,0.0,0.0,0.0,2020-04-11
1495,21,0.0,0.0,0.0,2020-04-10
2030,55,0.0,0.0,0.0,2020-04-26
2016,54,0.0,0.0,0.0,2020-04-25
2009,51,0.0,0.0,0.0,2020-04-24
1981,50,0.0,0.0,0.0,2020-04-23
1950,48,0.0,0.0,0.0,2020-04-22
1908,48,0.0,0.0,0.0,2020-04-21
1881,47,0.0,0.0,0.0,2020-04-20
1871,47,0.0,0.0,0.0,2020-04-19
2101,80,0.0,0.0,0.0,2020-05-04
2096,79,0.0,0.0,0.0,2020-05-03
2088,77,0.0,0.0,0.0,2020-05-02
2085,75,0.0,0.0,0.0,2020-05-01
2076,69,0.0,0.0,0.0,2020-04-30
2062,67,0.0,0.0,0.0,2020-04-29
2047,63,0.0,0.0,0.0,2020-04-28
2039,59,0.0,0.0,0.0,2020-04-27
2213,94,0.0,0.0,0.0,2020-05-13
2207,91,0.0,0.0,0.0,2020-05-12
2196,91,0.0,0.0,0.0,2020-05-11
2187,90,0.0,0.0,0.0,2020-05-10
2176,87,0.0,0.0,0.0,2020-05-09
2161,86,0.0,0.0,0.0,2020-05-08
2125,86,0.0,0.0,0.0,2020-05-07
2119,85,0.0,0.0,0.0,2020-05-06
2112,83,0.0,0.0,0.0,2020-05-05
2237,97,0.0,0.0,0.0,2020-05-21
2234,96,0.0,0.0,0.0,2020-05-20
2232,96,0.0,0.0,0.0,2020-05-19
2228,95,0.0,0.0,0.0,2020-05-18
2226,95,0.0,0.0,0.0,2020-05-17
2224,95,0.0,0.0,0.0,2020-05-16
2222,95,0.0,0.0,0.0,2020-05-15
2221,94,0.0,0.0,0.0,2020-05-14
2246,103,0.0,0.0,0.0,2020-05-30
2245,103,0.0,0.0,0.0,2020-05-29
2245,102,0.0,0.0,0.0,2020-05-28
2244,101,0.0,0.0,0.0,2020-05-27
2244,101,0.0,0.0,0.0,2020-05-26
2244,100,0.0,0.0,0.0,2020-05-25
2244,99,0.0,0.0,0.0,2020-05-24
2243,99,0.0,0.0,0.0,2020-05-23
2243,99,0.0,0.0,0.0,2020-05-22
2247,104,0.0,0.0,0.0,2020-06-08
2247,104,0.0,0.0,0.0,2020-06-07
2247,104,0.0,0.0,0.0,2020-06-06
2247,103,0.0,0.0,0.0,2020-06-05
2247,103,0.0,0.0,0.0,2020-06-04
2246,103,0.0,0.0,0.0,2020-06-03
2246,103,0.0,0.0,0.0,2020-06-02
2246,103,0.0,0.0,0.0,2020-06-01
2246,103,0.0,0.0,0.0,2020-05-31
2255,107,0.0,0.0,0.0,2020-06-16
2254,107,0.0,0.0,0.0,2020-06-15
2252,107,0.0,0.0,0.0,2020-06-14
2251,107,0.0,0.0,0.0,2020-06-13
2249,107,0.0,0.0,0.0,2020-06-12
2249,106,0.0,0.0,0.0,2020-06-11
2249,106,0.0,0.0,0.0,2020-06-10
2247,106,0.0,0.0,0.0,2020-06-09
2483,107,0.0,0.0,0.0,2020-06-25
2388,107,0.0,0.0,0.0,2020-06-24
2366,107,0.0,0.0,0.0,2020-06-23
2336,107,0.0,0.0,0.0,2020-06-22
2317,107,0.0,0.0,0.0,2020-06-21
2299,107,0.0,0.0,0.0,2020-06-20
2280,107,0.0,0.0,0.0,2020-06-19
2269,107,0.0,0.0,0.0,2020-06-18
2258,107,0.0,0.0,0.0,2020-06-17
3094,113,0.0,0.0,0.0,2020-07-04
3008,112,0.0,0.0,0.0,2020-07-03
2912,110,0.0,0.0,0.0,2020-07-02
2831,108,0.0,0.0,0.0,2020-07-01
2777,107,0.0,0.0,0.0,2020-06-30
2725,107,0.0,0.0,0.0,2020-06-29
2691,107,0.0,0.0,0.0,2020-06-28
2624,107,0.0,0.0,0.0,2020-06-27
2539,107,0.0,0.0,0.0,2020-06-26
3775,119,0.0,0.0,0.0,2020-07-13
3722,119,0.0,0.0,0.0,2020-07-12
3672,118,0.0,0.0,0.0,2020-07-11
3532,117,0.0,0.0,0.0,2020-07-10
3416,115,0.0,0.0,0.0,2020-07-09
3325,114,0.0,0.0,0.0,2020-07-08
3272,113,0.0,0.0,0.0,2020-07-07
3220,113,0.0,0.0,0.0,2020-07-06
3151,113,0.0,0.0,0.0,2020-07-05
4530,125,0.0,0.0,0.0,2020-07-22
4422,123,0.0,0.0,0.0,2020-07-21
4370,122,0.0,0.0,0.0,2020-07-20
4345,120,0.0,0.0,0.0,2020-07-19
4253,120,0.0,0.0,0.0,2020-07-18
4137,120,0.0,0.0,0.0,2020-07-17
4039,120,0.0,0.0,0.0,2020-07-16
3953,120,0.0,0.0,0.0,2020-07-15
3827,120,0.0,0.0,0.0,2020-07-14
5138,145,0.0,0.0,0.0,2020-07-31
5071,144,0.0,0.0,0.0,1970-01-01
4993,141,0.0,0.0,0.0,2020-07-29
4922,140,0.0,0.0,0.0,2020-07-28
4881,139,0.0,0.0,0.0,2020-07-27
4857,136,0.0,0.0,0.0,2020-07-26
4792,133,0.0,0.0,0.0,2020-07-25
4715,128,0.0,0.0,0.0,2020-07-24
4634,128,0.0,0.0,0.0,2020-07-23
5543,157,0.0,0.0,0.0,2020-08-08
5466,155,0.0,0.0,0.0,2020-08-07
5404,155,0.0,0.0,0.0,2020-08-06
5376,154,0.0,0.0,0.0,2020-08-05
5318,154,0.0,0.0,0.0,2020-08-04
5294,153,0.0,0.0,0.0,2020-08-03
5260,149,0.0,0.0,0.0,2020-08-02
5224,145,0.0,0.0,0.0,2020-08-01
6571,166,0.0,0.0,0.0,2020-08-16
6420,165,0.0,0.0,0.0,2020-08-15
6258,163,0.0,0.0,0.0,2020-08-14
6050,161,0.0,0.0,0.0,2020-08-13
5870,160,0.0,0.0,0.0,2020-08-12
5740,160,0.0,0.0,0.0,2020-08-11
5649,158,0.0,0.0,0.0,2020-08-10
5604,157,0.0,0.0,0.0,2020-08-09
8311,173,0.0,0.0,0.0,2020-08-24
8175,171,0.0,0.0,0.0,2020-08-23
7900,170,0.0,0.0,0.0,2020-08-22
7594,169,0.0,0.0,0.0,2020-08-21
7329,168,0.0,0.0,0.0,2020-08-20
7074,168,0.0,0.0,0.0,2020-08-19
6855,166,0.0,0.0,0.0,2020-08-18
6656,166,0.0,0.0,0.0,2020-08-17
10725,191,0.0,0.0,0.0,2020-09-02
10414,187,0.0,0.0,0.0,2020-09-01
10269,186,0.0,0.0,0.0,2020-08-31
10123,184,0.0,0.0,0.0,2020-08-30
9861,183,0.0,0.0,0.0,2020-08-29
9549,180,0.0,0.0,0.0,2020-08-28
9192,177,0.0,0.0,0.0,2020-08-27
8888,175,0.0,0.0,0.0,2020-08-26
8530,175,0.0,0.0,0.0,2020-08-25
12917,208,0.0,0.0,0.0,2020-09-10
12626,206,0.0,0.0,0.0,2020-09-09
12285,203,0.0,0.0,0.0,2020-09-08
12081,201,0.0,0.0,0.0,2020-09-07
11964,198,0.0,0.0,0.0,2020-09-06
11739,197,0.0,0.0,0.0,2020-09-05
11428,195,0.0,0.0,0.0,2020-09-04
11094,194,0.0,0.0,0.0,2020-09-03
14725,244,0.0,0.0,0.0,2020-09-19
14513,244,0.0,0.0,0.0,2020-09-18
14279,238,0.0,0.0,0.0,2020-09-17
14029,236,0.0,0.0,0.0,2020-09-16
13749,230,0.0,0.0,0.0,2020-09-15
13598,227,0.0,0.0,0.0,2020-09-14
13533,224,0.0,0.0,0.0,2020-09-13
13368,218,0.0,0.0,0.0,2020-09-12
13107,211,0.0,0.0,0.0,2020-09-11
16007,269,0.0,0.0,0.0,2020-09-26
15795,266,0.0,0.0,0.0,2020-09-25
15572,261,0.0,0.0,0.0,2020-09-24
15340,257,0.0,0.0,0.0,2020-09-23
15136,255,0.0,0.0,0.0,2020-09-22
14992,253,0.0,0.0,0.0,2020-09-21
14922,248,0.0,0.0,0.0,2020-09-20
17659,298,0.0,0.0,0.0,2020-10-04
17401,293,0.0,0.0,0.0,2020-10-03
17160,291,0.0,0.0,0.0,2020-10-02
16827,284,0.0,0.0,0.0,2020-10-01
16593,280,0.0,0.0,0.0,2020-09-30
16380,275,0.0,0.0,0.0,2020-09-29
16245,272,0.0,0.0,0.0,2020-09-28
16197,272,0.0,0.0,0.0,2020-09-27
19932,317,0.0,0.0,0.0,2020-10-10
19446,313,0.0,0.0,0.0,2020-10-09
18989,310,0.0,0.0,0.0,2020-10-08
18447,309,0.0,0.0,0.0,2020-10-07
18084,304,0.0,0.0,0.0,2020-10-06
17797,300,0.0,0.0,0.0,2020-10-05
20621,327,0.0,0.0,0.0,2020-10-12
20440,324,0.0,0.0,0.0,2020-10-11
28287,393,0.0,0.0,0.0,2020-10-21
26863,382,0.0,0.0,0.0,2020-10-20
25973,374,0.0,0.0,0.0,2020-10-19
25580,363,0.0,0.0,0.0,2020-10-18
24761,355,0.0,0.0,0.0,2020-10-17
23665,345,0.0,0.0,0.0,2020-10-16
22534,344,0.0,0.0,0.0,2020-10-15
21741,334,0.0,0.0,0.0,2020-10-14
20993,330,0.0,0.0,0.0,2020-10-13
46547,531,0.0,0.0,0.0,2020-10-30
43775,511,0.0,0.0,0.0,2020-10-29
40999,493,0.0,0.0,0.0,2020-10-28
38621,470,0.0,0.0,0.0,2020-10-27
37208,452,0.0,0.0,0.0,2020-10-26
36380,437,0.0,0.0,0.0,2020-10-25
33959,429,0.0,0.0,0.0,2020-10-24
31717,413,0.0,0.0,0.0,2020-10-23
29850,406,0.0,0.0,0.0,2020-10-22
64704,752,0.0,0.0,0.0,2020-11-07
62305,717,0.0,0.0,0.0,2020-11-06
59415,683,0.0,0.0,0.0,2020-11-05
56567,654,0.0,0.0,0.0,2020-11-04
54087,628,0.0,0.0,0.0,2020-11-03
52660,594,0.0,0.0,0.0,2020-11-02
51495,562,0.0,0.0,0.0,2020-11-01
49316,546,0.0,0.0,0.0,2020-10-31
85519,1082,0.0,0.0,0.0,2020-11-16
84206,1049,0.0,0.0,0.0,2020-11-15
81844,1006,0.0,0.0,0.0,2020-11-14
78978,968,0.0,0.0,0.0,2020-11-13
75922,925,0.0,0.0,0.0,2020-11-12
72840,893,0.0,0.0,0.0,2020-11-11
70243,865,0.0,0.0,0.0,2020-11-10
68776,832,0.0,0.0,0.0,2020-11-09
67247,794,0.0,0.0,0.0,2020-11-08
108014,1445,0.0,0.0,0.0,2020-11-24
105691,1398,0.0,0.0,0.0,2020-11-23
103718,1353,0.0,0.0,0.0,2020-11-22
100410,1304,0.0,0.0,0.0,2020-11-21
96837,1257,0.0,0.0,0.0,2020-11-20
93879,1200,0.0,0.0,0.0,2020-11-19
90715,1151,0.0,0.0,0.0,2020-11-18
87464,1113,0.0,0.0,0.0,2020-11-17
134881,1916,0.0,0.0,0.0,2020-12-02
131342,1861,0.0,0.0,0.0,2020-12-01
128442,1786,0.0,0.0,0.0,2020-11-30
126612,1712,0.0,0.0,0.0,2020-11-29
123693,1655,0.0,0.0,0.0,2020-11-28
119706,1600,0.0,0.0,0.0,2020-11-27
115626,1552,0.0,0.0,0.0,2020-11-26
111617,1501,0.0,0.0,0.0,2020-11-25
168388,2484,0.0,0.0,0.0,2020-12-11
163992,2420,0.0,0.0,0.0,2020-12-10
159372,2367,0.0,0.0,0.0,2020-12-09
154852,2298,0.0,0.0,0.0,2020-12-08
152239,2233,0.0,0.0,0.0,2020-12-07
150353,2174,0.0,0.0,0.0,2020-12-06
147454,2102,0.0,0.0,0.0,2020-12-05
143370,2032,0.0,0.0,0.0,2020-12-04
139415,1964,0.0,0.0,0.0,2020-12-03
192987,3101,0.0,0.0,0.0,2020-12-19
190235,3023,0.0,0.0,0.0,2020-12-18
186963,2955,0.0,0.0,0.0,2020-12-17
183045,2870,0.0,0.0,0.0,2020-12-16
179718,2778,0.0,0.0,0.0,2020-12-15
177358,2705,0.0,0.0,0.0,2020-12-14
175886,2640,0.0,0.0,0.0,2020-12-13
172523,2562,0.0,0.0,0.0,2020-12-12
204930,3671,0.0,0.0,0.0,2020-12-27
204312,3613,0.0,0.0,0.0,2020-12-26
203962,3548,0.0,0.0,0.0,2020-12-25
202319,3464,0.0,0.0,0.0,2020-12-24
200086,3394,0.0,0.0,0.0,2020-12-23
197323,3328,0.0,0.0,0.0,2020-12-22
195728,3257,0.0,0.0,0.0,2020-12-21
194962,3177,0.0,0.0,0.0,2020-12-20
214390,4179,0.0,0.0,0.0,2021-01-05
213319,4126,0.0,0.0,0.0,2021-01-04
212958,4072,0.0,0.0,0.0,2021-01-03
212262,4016,0.0,0.0,0.0,2021-01-02
212007,3961,0.0,0.0,0.0,2021-01-01
210837,3920,0.0,0.0,0.0,2020-12-31
208446,3860,0.0,0.0,0.0,2020-12-30
206596,3795,0.0,0.0,0.0,2020-12-29
205246,3739,0.0,0.0,0.0,2020-12-28
222117,4472,0.0,0.0,0.0,2021-01-13
220982,4446,0.0,0.0,0.0,2021-01-12
220223,4403,0.0,0.0,0.0,2021-01-11
219993,4368,0.0,0.0,0.0,2021-01-10
219347,4342,0.0,0.0,0.0,2021-01-09
217946,4304,0.0,0.0,0.0,2021-01-08
216848,4266,0.0,0.0,0.0,2021-01-07
216286,4223,0.0,0.0,0.0,2021-01-06
227326,4738,0.0,0.0,0.0,2021-01-21
226550,4711,0.0,0.0,0.0,2021-01-20
225648,4684,0.0,0.0,0.0,2021-01-19
225128,4655,0.0,0.0,0.0,2021-01-18
224954,4616,0.0,0.0,0.0,2021-01-17
224575,4588,0.0,0.0,0.0,2021-01-16
223812,4550,0.0,0.0,0.0,2021-01-15
223097,4517,0.0,0.0,0.0,2021-01-14
232090,4998,0.0,0.0,0.0,2021-01-30
231539,4972,0.0,0.0,0.0,2021-01-29
230978,4943,0.0,0.0,0.0,2021-01-28
230359,4913,0.0,0.0,0.0,2021-01-27
229502,4882,0.0,0.0,0.0,2021-01-26
229054,4859,0.0,0.0,0.0,2021-01-25
228920,4827,0.0,0.0,0.0,2021-01-24
228568,4799,0.0,0.0,0.0,2021-01-23
227969,4770,0.0,0.0,0.0,2021-01-22
235402,5169,0.0,0.0,0.0,2021-02-07
235126,5144,0.0,0.0,0.0,2021-02-06
234702,5122,0.0,0.0,0.0,2021-02-05
234153,5106,0.0,0.0,0.0,2021-02-04
233637,5088,0.0,0.0,0.0,2021-02-03
232907,5071,0.0,0.0,0.0,2021-02-02
232520,5054,0.0,0.0,0.0,2021-02-01
232426,5027,0.0,0.0,0.0,2021-01-31
237999,5357,0.0,0.0,0.0,2021-02-16
237725,5339,0.0,0.0,0.0,2021-02-15
237657,5318,0.0,0.0,0.0,2021-02-14
237459,5299,0.0,0.0,0.0,2021-02-13
237080,5282,0.0,0.0,0.0,2021-02-12
236709,5263,0.0,0.0,0.0,2021-02-11
236333,5238,0.0,0.0,0.0,2021-02-10
235756,5224,0.0,0.0,0.0,2021-02-09
235473,5198,0.0,0.0,0.0,2021-02-08
240017,5449,0.0,0.0,0.0,2021-02-22
239945,5429,0.0,0.0,0.0,2021-02-21
239685,5420,0.0,0.0,0.0,2021-02-20
239254,5407,0.0,0.0,0.0,2021-02-19
238866,5399,0.0,0.0,0.0,2021-02-18
238501,5375,0.0,0.0,0.0,2021-02-17
242617,5511,0.0,0.0,0.0,2021-02-27
242097,5503,0.0,0.0,0.0,2021-02-26
241592,5489,0.0,0.0,0.0,2021-02-25
241048,5477,0.0,0.0,0.0,2021-02-24
240360,5462,0.0,0.0,0.0,2021-02-23
246514,5590,0.0,0.0,0.0,2021-03-07
246120,5585,0.0,0.0,0.0,2021-03-06
245462,5570,0.0,0.0,0.0,2021-03-05
244872,5564,0.0,0.0,0.0,2021-03-04
244205,5555,0.0,0.0,0.0,2021-03-03
243458,5548,0.0,0.0,0.0,2021-03-02
243064,5537,0.0,0.0,0.0,2021-03-01
242973,5526,0.0,0.0,0.0,2021-02-28
251174,5685,0.0,0.0,0.0,2021-03-15
251045,5677,0.0,0.0,0.0,2021-03-14
250484,5670,0.0,0.0,0.0,2021-03-13
249661,5647,0.0,0.0,0.0,2021-03-12
248838,5635,0.0,0.0,0.0,2021-03-11
248061,5625,0.0,0.0,0.0,2021-03-10
247099,5621,0.0,0.0,0.0,2021-03-09
246608,5609,0.0,0.0,0.0,2021-03-08
258745,5808,0.0,0.0,0.0,2021-03-23
257789,5786,0.0,0.0,0.0,2021-03-22
257639,5773,0.0,0.0,0.0,2021-03-21
256805,5753,0.0,0.0,0.0,2021-03-20
255619,5743,0.0,0.0,0.0,2021-03-19
254507,5726,0.0,0.0,0.0,2021-03-18
253310,5709,0.0,0.0,0.0,2021-03-17
251865,5697,0.0,0.0,0.0,2021-03-16
274054,5967,0.0,0.0,0.0,2021-04-01
271632,5947,0.0,0.0,0.0,2021-03-31
269009,5928,0.0,0.0,0.0,2021-03-30
267522,5911,0.0,0.0,0.0,2021-03-29
267222,5893,0.0,0.0,0.0,2021-03-28
265901,5872,0.0,0.0,0.0,2021-03-27
264111,5854,0.0,0.0,0.0,2021-03-26
262309,5838,0.0,0.0,0.0,2021-03-25
260636,5828,0.0,0.0,0.0,2021-03-24
288364,6235,0.0,0.0,0.0,2021-04-09
285765,6185,0.0,0.0,0.0,2021-04-08
282548,6149,0.0,0.0,0.0,2021-04-07
280899,6113,0.0,0.0,0.0,2021-04-06
280164,6083,0.0,0.0,0.0,2021-04-05
280026,6058,0.0,0.0,0.0,2021-04-04
278650,6025,0.0,0.0,0.0,2021-04-03
276416,5996,0.0,0.0,0.0,2021-04-02
307790,6562,0.0,0.0,0.0,2021-04-18
306225,6523,0.0,0.0,0.0,2021-04-17
303598,6486,0.0,0.0,0.0,2021-04-16
300900,6442,0.0,0.0,0.0,2021-04-15
297973,6399,0.0,0.0,0.0,2021-04-14
294874,6358,0.0,0.0,0.0,2021-04-13
292938,6333,0.0,0.0,0.0,2021-04-12
292516,6308,0.0,0.0,0.0,2021-04-11
290899,6269,0.0,0.0,0.0,2021-04-10
323036,6905,0.0,0.0,0.0,2021-04-26
322626,6854,0.0,0.0,0.0,2021-04-25
321372,6815,0.0,0.0,0.0,2021-04-24
318837,6784,0.0,0.0,0.0,2021-04-23
316308,6738,0.0,0.0,0.0,2021-04-22
313423,6692,0.0,0.0,0.0,2021-04-21
310306,6643,0.0,0.0,0.0,2021-04-20
308200,6601,0.0,0.0,0.0,2021-04-19
336918,7264,0.0,0.0,0.0,2021-05-04
335522,7218,0.0,0.0,0.0,2021-05-03
335173,7182,0.0,0.0,0.0,2021-05-02
334229,7130,0.0,0.0,0.0,2021-05-01
332183,7081,0.0,0.0,0.0,2021-04-30
330176,7040,0.0,0.0,0.0,2021-04-29
327737,7001,0.0,0.0,0.0,2021-04-28
324833,6957,0.0,0.0,0.0,2021-04-27
345623,7549,0.0,0.0,0.0,2021-05-11
344747,7503,0.0,0.0,0.0,2021-05-10
344494,7469,0.0,0.0,0.0,2021-05-09
343829,7424,1078760.0,835320.0,243440.0,2021-05-08
342487,7388,1025701.0,796909.0,228792.0,2021-05-07
341052,7355,0.0,0.0,0.0,2021-05-06
339412,7315,0.0,0.0,0.0,2021-05-05
351997,7792,1406279.0,1078103.0,328176.0,2021-05-19
350997,7765,1369969.0,1052032.0,317937.0,2021-05-18
350506,7738,1349447.0,1041215.0,308232.0,2021-05-17
350390,7708,0.0,0.0,0.0,2021-05-16
349910,7687,0.0,0.0,0.0,2021-05-15
349084,7664,0.0,0.0,0.0,2021-05-14
348158,7623,0.0,0.0,0.0,2021-05-13
347094,7589,0.0,0.0,0.0,2021-05-12
355617,7992,1686585.0,1240309.0,446276.0,2021-05-28
355296,7981,1645332.0,1221109.0,424223.0,2021-05-27
354921,7971,1608291.0,1197164.0,411127.0,2021-05-26
354383,7950,1605287.0,1195088.0,410199.0,2021-05-25
354060,7929,1582821.0,1181255.0,401566.0,2021-05-24
353986,7903,1581292.0,1179998.0,401294.0,2021-05-23
353735,7883,1549368.0,1157655.0,391713.0,2021-05-22
353217,7856,1507353.0,1149941.0,357412.0,2021-05-21
352692,7828,1450169.0,1109161.0,341008.0,2021-05-20
357408,8080,1885772.0,1329754.0,556018.0,2021-06-05
357197,8067,1855003.0,1317038.0,537965.0,2021-06-04
357109,8056,1847314.0,1312272.0,535042.0,2021-06-03
356829,8042,1803557.0,1293847.0,509710.0,2021-06-02
356397,8034,1773289.0,1280300.0,492989.0,2021-06-01
356181,8026,1751087.0,1272513.0,478574.0,2021-05-31
356141,8014,1748726.0,1270392.0,478334.0,2021-05-30
355955,8002,1722430.0,1254659.0,467771.0,2021-05-29
358379,8123,2042889.0,1386564.0,656325.0,2021-06-11
358245,8110,1986929.0,1370306.0,616623.0,2021-06-10
358061,8103,1947784.0,1357103.0,590681.0,2021-06-09
357786,8096,1920656.0,1345741.0,574915.0,2021-06-08
357608,8091,1903673.0,1338154.0,565519.0,2021-06-07
357565,8086,1902092.0,1337469.0,564623.0,2021-06-06
359115,8169,2318428.0,1442925.0,875503.0,2021-06-19
359031,8168,2272244.0,1435788.0,836456.0,2021-06-18
358918,8165,2219196.0,1428340.0,790856.0,2021-06-17
358823,8162,2196552.0,1427566.0,768986.0,2021-06-16
358677,8160,2164874.0,1419924.0,744950.0,2021-06-15
358581,8152,2139816.0,1413933.0,725833.0,2021-06-14
358504,8132,2087157.0,1401647.0,685510.0,2021-06-12
359403,8192,2424695.0,1462287.0,962408.0,2021-06-24
359302,8190,2389633.0,1456750.0,932833.0,2021-06-23
359259,8188,2379658.0,1455647.0,924011.0,2021-06-22
359184,8182,2359472.0,1450798.0,908674.0,2021-06-21
359173,8174,2355050.0,1449819.0,905231.0,2021-06-20
361488,8236,2906350.0,1584407.0,1321943.0,2021-07-17
359975,8209,2568877.0,1488759.0,1080118.0,2021-07-01
359872,8206,2573481.0,1488707.0,1084774.0,2021-06-30
359736,8205,2545040.0,1482581.0,1062459.0,2021-06-29
359666,8202,2529612.0,1478516.0,1051096.0,2021-06-28
359652,8200,2524626.0,1476642.0,1047984.0,2021-06-27
359607,8197,2502912.0,1472708.0,1030204.0,2021-06-26
359521,8196,2468051.0,1467772.0,1000279.0,2021-06-25
360593,8226,2741251.0,1526876.0,1214375.0,2021-07-08
360483,8224,2714126.0,1518820.0,1195306.0,2021-07-07
360342,8221,2687515.0,1511987.0,1175528.0,2021-07-06
360246,8219,2669307.0,1508083.0,1161224.0,2021-07-05
360237,8218,2664327.0,1506223.0,1158104.0,2021-07-04
360181,8215,2633195.0,1500932.0,1132263.0,2021-07-03
360067,8212,2601390.0,1494731.0,1106659.0,2021-07-02
361218,8233,2870866.0,1569371.0,1301495.0,2021-07-15
361079,8233,2848709.0,1562081.0,1286628.0,2021-07-14
360924,8231,2833080.0,1557706.0,1275374.0,2021-07-13
360841,8229,2817143.0,1552689.0,1264454.0,2021-07-12
360826,8227,2814234.0,1550632.0,1263602.0,2021-07-11
360768,8227,2792456.0,1543689.0,1248767.0,2021-07-10
360680,8226,2769141.0,1534856.0,1234285.0,2021-07-09
362496,8245,2997335.0,1617306.0,1380029.0,2021-07-24
362305,8245,2980716.0,1610989.0,1369727.0,2021-07-23
362129,8245,2965335.0,1604513.0,1360822.0,2021-07-22
361950,8244,2948798.0,1599146.0,1349652.0,2021-07-21
361759,8243,2930768.0,1593590.0,1337178.0,2021-07-20
361613,8240,2917001.0,1589579.0,1327422.0,2021-07-19
361595,8238,2915530.0,1588753.0,1326777.0,2021-07-18
361488,8236,2906350.0,1584407.0,1321943.0,2021-07-17
363615,8259,3068657.0,1643402.0,1425255.0,2021-07-31
363397,8254,3057321.0,1639095.0,1418226.0,2021-07-30
363227,8250,3042701.0,1632151.0,1410550.0,2021-07-29
363039,8249,3031563.0,1628084.0,1403479.0,2021-07-28
362841,8247,3018451.0,1623475.0,1394976.0,2021-07-27
362648,8247,3008752.0,1620439.0,1388313.0,2021-07-26
362621,8245,3005376.0,1620106.0,1385270.0,2021-07-25
365089,8273,3125230.0,1663029.0,1517761.0,2021-08-09
365045,8272,3123548.0,1662342.0,1516479.0,2021-08-08
364832,8271,3118842.0,1660504.0,1513106.0,2021-08-07
364599,8270,3110259.0,1657443.0,1506924.0,2021-08-06
364491,8270,3109586.0,1656936.0,1506706.0,2021-08-05
364244,8267,3099209.0,1653601.0,1498932.0,2021-08-04
363973,8267,3091467.0,1650326.0,1493859.0,2021-08-03
363787,8266,3080719.0,1647156.0,1433563.0,2021-08-02
363758,8263,3078364.0,1646466.0,1431898.0,2021-08-01
366724,8282,3166258.0,1678479.0,1546645.0,2021-08-14
366357,8280,3157783.0,1674878.0,1540880.0,2021-08-13
366049,8278,3148900.0,1671367.0,1534745.0,2021-08-12
365716,8275,3140874.0,1667896.0,1529492.0,2021-08-11
365335,8275,3131892.0,1665334.0,1522586.0,2021-08-10
369765,8301,3212084.0,1697152.0,1578699.0,2021-08-22
369392,8298,3208101.0,1694827.0,1576504.0,2021-08-21
368887,8295,3200638.0,1691778.0,1571296.0,2021-08-20
368419,8294,3191520.0,1688016.0,1564842.0,2021-08-19
367933,8291,3182592.0,1684554.0,1558636.0,2021-08-18
367409,8288,3176538.0,1682143.0,1554491.0,2021-08-17
367068,8285,3170096.0,1679731.0,1549881.0,2021-08-16
367022,8283,3169677.0,1679544.0,1549488.0,2021-08-15
373191,8325,3257094.0,1718925.0,1606701.0,2021-08-29
372814,8324,3253119.0,1716520.0,1604377.0,2021-08-28
372219,8318,3244822.0,1712434.0,1599278.0,2021-08-27
371623,8316,3236170.0,1708154.0,1594019.0,2021-08-26
370985,8310,3227814.0,1703929.0,1589077.0,2021-08-25
370308,8306,3219595.0,1700378.0,1583703.0,2021-08-24
369838,8303,3212783.0,1697583.0,1579035.0,2021-08-23
